Rk,Player,2021/22,2021/22
1,Stephen Curry,$45.780.966,$49.928.610
2,James Harden,$44.310.840,$48.325.294
2,John Wall,$44.310.840,$48.325.294
4,Russell Westbrook,$44.211.146,$48.216.568
5,Kevin Durant,$42.018.900,$45.825.710
6,LeBron James,$41.180.544,$44.911.401
7,Paul George,$39.344.970,$42.909.529
8,Damian Lillard,$39.344.900,$42.909.452
8,Giannis Antetokounmpo,$39.344.900,$42.909.452
8,Kawhi Leonard,$39.344.900,$42.909.452
11,Klay Thompson,$37.980.720,$41.421.681
12,Jimmy Butler,$36.016.200,$39.279.180
13,Tobias Harris,$35.995.950,$39.257.095
14,Khris Middleton,$35.500.000,$38.716.214
15,Anthony Davis,$35.361.360,$38.565.013
16,Rudy Gobert,$35.344.828,$38.546.983
17,Kyrie Irving,$35.328.700,$38.529.394
18,Kemba Walker,$34.967.442,$38.135.407
19,Bradley Beal,$33.724.200,$36.779.530
20,Pascal Siakam,$33.003.936,$35.994.012
20,Ben Simmons,$33.003.936,$35.994.012
22,Blake Griffin,$32.405.817,$35.341.704
23,Kristaps Porzingis,$31.650.600,$34.518.067
23,Devin Booker,$31.650.600,$34.518.067
23,Karl-Anthony Towns,$31.650.600,$34.518.067
26,Joel Embiid,$31.579.390,$34.440.406
26,Andrew Wiggins,$31.579.390,$34.440.406
28,Kevin Love,$31.258.256,$34.090.178
29,Jrue Holiday,$31.171.333,$33.995.380
30,Nikola Jokic,$31.044.906,$33.857.499
31,CJ McCollum,$30.864.198,$33.660.419
32,Chris Paul,$30.800.000,$33.590.405
33,D'Angelo Russell,$30.013.500,$32.732.650
34,Gordon Hayward,$29.925.000,$32.636.132
35,Brandon Ingram,$29.467.800,$32.137.511
35,Jamal Murray,$29.467.800,$32.137.511
37,Donovan Mitchell,$28.103.500,$30.649.609
37,De'Aaron Fox,$28.103.500,$30.649.609
37,Bam Adebayo,$28.103.500,$30.649.609
37,Jayson Tatum,$28.103.500,$30.649.609
41,Al Horford,$27.000.000,$29.446.134
42,Kyle Lowry,$26.984.128,$29.428.824
43,Jaylen Brown,$26.758.928,$29.183.222
44,DeMar DeRozan,$26.000.000,$28.355.537
45,Draymond Green,$24.026.712,$26.203.473
46,Nikola Vucevic,$24.000.000,$26.174.341
47,Buddy Hield,$23.073.234,$25.163.613
48,John Collins,$23.000.000,$25.083.744
49,Malcolm Brogdon,$21.700.000,$23.665.967
50,Tim Hardaway Jr,$21.306.816,$23.237.161
51,Mike Conley,$21.000.000,$22.902.549
52,Gary Harris,$20.932.143,$22.828.544
53,Danilo Gallinari,$20.475.000,$22.329.985
54,Harrison Barnes,$20.284.091,$22.121.780
55,Jerami Grant,$20.002.500,$21.814.678
56,Jarrett Allen,$20.000.000,$21.811.951
57,Julius Randle,$19.800.000,$21.593.832
58,Fred VanVleet,$19.675.926,$21.458.517
59,Zach LaVine,$19.500.000,$21.266.652
60,Goran Dragic,$19.348.907,$21.101.870
61,Spencer Dinwiddie,$19.314.284,$21.064.111
62,Bojan Bogdanovic,$18.700.000,$20.394.174
63,Lonzo Ball,$18.604.651,$20.290.187
64,Domantas Sabonis,$18.500.000,$20.176.055
65,Eric Gordon,$18.218.818,$19.869.398
66,Eric Bledsoe,$18.125.000,$19.767.081
67,Myles Turner,$18.000.000,$19.630.756
67,Bogdan Bogdanovic,$18.000.000,$19.630.756
69,Terry Rozier,$17.905.263,$19.527.436
70,Ricky Rubio,$17.800.000,$19.412.636
71,Clint Capela,$17.603.448,$19.198.277
72,Caris LeVert,$17.500.000,$19.085.457
73,Jonathan Isaac,$17.400.000,$18.976.397
74,Joe Harris,$17.357.143,$18.929.658
75,Evan Fournier,$17.142.857,$18.695.958
76,Steven Adams,$17.073.171,$18.619.958
77,Markelle Fultz,$16.500.000,$17.994.860
78,Aaron Gordon,$16.409.091,$17.895.714
79,Gary Trent Jr,$16.225.000,$17.694.945
80,OG Anunoby,$16.071.429,$17.527.461
81,Davis Bertans,$16.000.000,$17.449.561
82,Lauri Markkanen,$15.690.909,$17.112.467
83,Derrick White,$15.678.571,$17.099.011
84,Duncan Robinson,$15.650.000,$17.067.852
85,Marcus Morris,$15.627.907,$17.043.757
86,Will Barton,$15.625.000,$17.040.587
87,Norman Powell,$15.517.242,$16.923.066
88,Dejounte Murray,$15.428.880,$16.826.699
89,Malik Beasley,$14.491.964,$15.804.900
90,Patrick Beverley,$14.320.987,$15.618.433
91,Thaddeus Young,$14.190.000,$15.475.579
92,Jonas Valanciunas,$14.000.000,$15.268.366
93,Marcus Smart,$13.839.285,$15.093.090
94,Doug McDermott,$13.750.000,$14.995.716
95,Christian Wood,$13.666.667,$14.904.833
96,Derrick Rose,$13.445.120,$14.663.215
97,Luke Kennard,$13.347.727,$14.556.998
98,Taurean Prince,$13.334.375,$14.542.437
99,Brook Lopez,$13.302.325,$14.507.483
100,Kentavious Caldwell-Pope,$13.038.862,$14.220.151
101,Joe Ingles,$13.036.364,$14.217.427
102,Kyle Kuzma,$13.000.000,$14.177.768
103,Robert Covington,$12.975.471,$14.151.017
104,TJ Warren,$12.940.000,$14.112.332
105,Deandre Ayton,$12.632.950,$13.777.464
106,Terrence Ross,$12.500.000,$13.632.469
107,Jordan Clarkson,$12.420.000,$13.545.221
108,Dillon Brooks,$12.200.000,$13.305.290
109,Kelly Olynyk,$12.195.122,$13.299.970
110,Nicolas Batum,$12.026.998,$13.116.613
111,Josh Hart,$12.000.000,$13.087.170
111,Jusuf Nurkic,$12.000.000,$13.087.170
111,Kelly Oubre,$12.000.000,$13.087.170
114,Josh Richardson,$11.615.328,$12.667.648
115,Marvin Bagley,$11.312.114,$12.336.964
116,DeAndre Jordan,$11.109.327,$12.115.804
117,Dwight Powell,$11.080.125,$12.083.957
118,Devonte Graham,$11.000.000,$11.996.573
119,Zion Williamson,$10.733.400,$11.705.820
120,Larry Nance Jr,$10.690.909,$11.659.479
121,Jeremy Lamb,$10.500.000,$11.451.274
122,Richaun Holmes,$10.384.500,$11.325.310
122,Reggie Jackson,$10.384.500,$11.325.310
124,Al-Farouq Aminu,$10.335.621,$11.272.002
125,Anthony Edwards,$10.245.480,$11.173.695
126,Luka Doncic,$10.174.391,$11.096.166
127,Cade Cunningham,$10.050.120,$10.960.636
128,Tomas Satoransky,$10.000.000,$10.905.975
128,Danny Green,$10.000.000,$10.905.975
130,Tristan Thompson,$9.946.611,$10.847.749
131,Kyle Anderson,$9.937.150,$10.837.431
132,Jae Crowder,$9.720.900,$10.601.590
132,Derrick Favors,$9.720.900,$10.601.590
132,Serge Ibaka,$9.720.900,$10.601.590
132,Derrick Jones,$9.720.900,$10.601.590
132,Montrezl Harrell,$9.720.900,$10.601.590
137,Ja Morant,$9.603.360,$10.473.401
138,Alec Burks,$9.536.000,$10.399.938
138,Reggie Bullock,$9.536.000,$10.399.938
140,Talen Horton-Tucker,$9.500.000,$10.360.677
141,Mason Plumlee,$9.248.333,$10.086.209
142,Jaren Jackson Jr,$9.180.560,$10.012.296
143,James Wiseman,$9.166.800,$9.997.289
144,Jalen Green,$8.992.080,$9.806.740
145,De'Anthony Melton,$8.805.976,$9.603.776
146,Royce O'Neale,$8.800.000,$9.597.258
146,Nerlens Noel,$8.800.000,$9.597.258
148,Jakob Poeltl,$8.750.000,$9.542.728
148,Maxi Kleber,$8.750.000,$9.542.728
150,Thomas Bryant,$8.666.667,$9.451.846
151,RJ Barrett,$8.623.920,$9.405.226
152,Alex Caruso,$8.600.000,$9.379.139
153,Delon Wright,$8.526.316,$9.298.779
154,Dario Saric,$8.510.000,$9.280.985
155,Monte Morris,$8.449.074,$9.214.539
156,Tyus Jones,$8.376.286,$9.135.157
157,Trae Young,$8.326.471,$9.080.829
158,Daniel Theis,$8.280.351,$9.030.530
159,LaMelo Ball,$8.231.760,$8.977.537
160,Seth Curry,$8.207.518,$8.951.099
161,JaMychal Green,$8.200.000,$8.942.900
162,Cedi Osman,$8.133.334,$8.870.194
163,Evan Mobley,$8.075.160,$8.806.749
164,De'Andre Hunter,$7.775.400,$8.479.832
165,DJ Augustin,$7.622.467,$8.313.044
166,Mo Bamba,$7.568.743,$8.254.452
167,Ivica Zubac,$7.518.518,$8.199.677
168,TJ McConnell,$7.500.000,$8.179.481
168,Rajon Rondo,$7.500.000,$8.179.481
170,Patrick Williams,$7.422.000,$8.094.415
171,Cory Joseph,$7.310.000,$7.972.268
172,Scottie Barnes,$7.280.400,$7.939.986
173,Darius Garland,$7.040.880,$7.678.766
174,Chris Boucher,$7.020.000,$7.655.995
175,Zach Collins,$7.000.000,$7.634.183
175,PJ Tucker,$7.000.000,$7.634.183
177,Wendell Carter,$6.920.027,$7.546.964
178,Juan Hernangomez,$6.803.190,$7.419.542
179,Isaac Okoro,$6.720.720,$7.329.600
180,Jalen Suggs,$6.592.920,$7.190.222
181,Cameron Payne,$6.500.000,$7.088.884
182,Joakim Noah,$6.431.666,$7.014.359
183,Jarrett Culver,$6.395.160,$6.974.546
184,Khem Birch,$6.350.000,$6.925.294
185,Collin Sexton,$6.349.671,$6.924.935
186,Onyeka Okongwu,$6.104.280,$6.657.312
187,Justin Holiday,$6.006.420,$6.550.587
188,Josh Giddey,$5.988.000,$6.530.498
189,Rudy Gay,$5.890.000,$6.423.619
189,Dennis Schroeder,$5.890.000,$6.423.619
189,Patrick Mills,$5.890.000,$6.423.619
192,Kevin Knox,$5.845.978,$6.375.609
193,Coby White,$5.837.760,$6.366.646
194,Timofey Mozgov,$5.573.333,$6.078.263
195,Killian Hayes,$5.572.680,$6.077.551
196,Mikal Bridges,$5.557.725,$6.061.241
197,Shai Gilgeous-Alexander,$5.495.532,$5.993.413
198,Jonathan Kuminga,$5.466.360,$5.961.598
199,Miles Bridges,$5.421.493,$5.912.667
200,Jaxson Hayes,$5.348.280,$5.832.821
201,Pat Connaughton,$5.333.334,$5.816.521
202,Kris Dunn,$5.317.430,$5.799.175
203,George Hill,$5.275.491,$5.753.437
204,Michael Porter,$5.258.735,$5.735.163
205,Dewayne Dedmon,$5.256.308,$5.732.516
206,Ryan Anderson,$5.214.583,$5.687.011
207,Hamidou Diallo,$5.200.000,$5.671.107
208,Kevon Looney,$5.178.572,$5.647.738
209,Troy Brown,$5.170.564,$5.639.004
210,Obi Toppin,$5.105.160,$5.567.675
211,Franz Wagner,$5.007.840,$5.461.538
212,Josh Jackson,$5.005.350,$5.458.822
213,JaVale McGee,$5.000.000,$5.452.987
213,Robin Lopez,$5.000.000,$5.452.987
213,Luol Deng,$5.000.000,$5.452.987
213,Kendrick Nunn,$5.000.000,$5.452.987
213,Louis Williams,$5.000.000,$5.452.987
218,Danuel House,$4.997.424,$5.450.176
219,Rui Hachimura,$4.916.160,$5.361.552
220,Taj Gibson,$4.910.000,$5.354.834
220,Garrett Temple,$4.910.000,$5.354.834
222,Torrey Craig,$4.878.049,$5.319.988
223,Bruce Brown,$4.736.102,$5.165.181
224,Deni Avdija,$4.692.840,$5.117.999
225,Donte DiVincenzo,$4.675.830,$5.099.448
226,Cam Reddish,$4.670.160,$5.093.265
227,David Nwaba,$4.650.000,$5.071.278
228,Furkan Korkmaz,$4.629.630,$5.049.063
229,Davion Mitchell,$4.603.200,$5.020.238
230,Ishmael Smith,$4.500.000,$4.907.689
230,Bryn Forbes,$4.500.000,$4.907.689
230,Jeff Green,$4.500.000,$4.907.689
233,Jalen Smith,$4.458.000,$4.861.884
234,Lonnie Walker,$4.447.896,$4.850.864
235,Cameron Johnson,$4.437.000,$4.838.981
236,Ziaire Williams,$4.373.040,$4.769.226
237,Moe Harkless,$4.347.600,$4.741.482
237,Bobby Portis,$4.347.600,$4.741.482
239,Kevin Huerter,$4.253.357,$4.638.700
240,Devin Vassell,$4.235.160,$4.618.855
241,Chandler Hutchison,$4.224.186,$4.606.886
242,Willie Cauley-Stein,$4.220.083,$4.602.412
243,PJ Washington,$4.215.120,$4.596.999
244,James Bouknight,$4.154.400,$4.530.778
245,Jevon Carter,$4.107.149,$4.479.246
246,Josh Okogie,$4.087.904,$4.458.258
247,Grayson Allen,$4.054.695,$4.422.040
248,Jarred Vanderbilt,$4.050.000,$4.416.920
249,Tyrese Haliburton,$4.023.600,$4.388.128
250,Tyler Herro,$4.004.280,$4.367.058
251,Terence Davis,$4.000.000,$4.362.390
251,Dorian Finney-Smith,$4.000.000,$4.362.390
251,Gorgui Dieng,$4.000.000,$4.362.390
254,Aaron Holiday,$3.980.551,$4.341.179
255,Josh Primo,$3.946.800,$4.304.370
256,Jake Layman,$3.940.184,$4.297.155
257,Anfernee Simons,$3.938.818,$4.295.665
258,Justise Winslow,$3.902.439,$4.255.990
259,Kira Lewis,$3.822.240,$4.168.525
260,Romeo Langford,$3.804.360,$4.149.025
261,Sekou Doumbouya,$3.799.131,$4.143.322
262,Landry Shamet,$3.768.342,$4.109.744
263,Chris Duarte,$3.749.400,$4.089.086
264,Alex Len,$3.732.000,$4.070.110
265,Robert Williams,$3.661.976,$3.993.742
266,Aaron Nesmith,$3.631.200,$3.960.177
267,Moses Moody,$3.562.200,$3.884.926
268,Mike Muscala,$3.500.000,$3.817.091
268,Boban Marjanovic,$3.500.000,$3.817.091
270,Cole Anthony,$3.449.400,$3.761.907
271,Corey Kispert,$3.383.640,$3.690.189
272,Luka Samanic,$3.355.239,$3.659.215
273,Georges Niang,$3.300.000,$3.598.972
273,Michael Carter-Williams,$3.300.000,$3.598.972
275,Chuma Okeke,$3.277.080,$3.573.975
275,Isaiah Stewart,$3.277.080,$3.573.975
277,Nickeil Alexander-Walker,$3.261.480,$3.556.962
278,Alperen Sengun,$3.214.680,$3.505.922
279,Jon Leuer,$3.169.348,$3.456.483
280,Trey Burke,$3.150.000,$3.435.382
281,Aleksej Pokusevski,$3.113.160,$3.395.204
282,Facundo Campazzo,$3.100.000,$3.380.852
283,Goga Bitadze,$3.098.400,$3.379.107
284,Trey Murphy,$3.053.760,$3.330.423
285,Frank Jackson,$3.000.000,$3.271.792
285,Sterling Brown,$3.000.000,$3.271.792
287,Josh Green,$2.957.520,$3.225.464
288,Tre Mann,$2.901.240,$3.164.085
289,Andrew Nicholson,$2.844.429,$3.102.127
290,Matisse Thybulle,$2.840.160,$3.097.471
291,Saddiq Bey,$2.824.320,$3.080.196
292,Kai Jones,$2.770.560,$3.021.566
293,Brandon Clarke,$2.726.880,$2.973.928
294,Precious Achiuwa,$2.711.280,$2.956.915
295,Marc Gasol,$2.692.991,$2.936.969
296,Jalen Johnson,$2.659.680,$2.900.640
297,Paul Millsap,$2.641.691,$2.881.021
297,E'Twaun Moore,$2.641.691,$2.881.021
297,Markieff Morris,$2.641.691,$2.881.021
297,Udonis Haslem,$2.641.691,$2.881.021
297,Dwight Howard,$2.641.691,$2.881.021
297,Trevor Ariza,$2.641.691,$2.881.021
297,Wayne Ellington,$2.641.691,$2.881.021
297,Carmelo Anthony,$2.641.691,$2.881.021
297,Avery Bradley,$2.641.691,$2.881.021
297,Enes Kanter,$2.641.691,$2.881.021
297,Andre Iguodala,$2.641.691,$2.881.021
297,Ed Davis,$2.641.691,$2.881.021
297,James Johnson,$2.641.691,$2.881.021
297,LaMarcus Aldridge,$2.641.691,$2.881.021
311,Grant Williams,$2.617.800,$2.854.966
312,Tyrese Maxey,$2.602.920,$2.838.738
313,Keon Johnson,$2.553.240,$2.784.557
314,Darius Bazley,$2.513.040,$2.740.715
315,Trey Lyles,$2.500.000,$2.726.493
316,Zeke Nnaji,$2.498.760,$2.725.141
317,Isaiah Jackson,$2.451.240,$2.673.316
318,Ty Jerome,$2.412.840,$2.631.437
319,Hassan Whiteside,$2.401.537,$2.619.110
319,Kent Bazemore,$2.401.537,$2.619.110
319,Austin Rivers,$2.401.537,$2.619.110
319,Andre Drummond,$2.401.537,$2.619.110
323,Cody Zeller,$2.389.641,$2.606.136
323,Ben McLemore,$2.389.641,$2.606.136
323,Solomon Hill,$2.389.641,$2.606.136
323,Tony Snell,$2.389.641,$2.606.136
323,Victor Oladipo,$2.389.641,$2.606.136
323,Otto Porter,$2.389.641,$2.606.136
329,Leandro Bolmaro,$2.353.320,$2.566.525
329,Usman Garuba,$2.353.320,$2.566.525
331,Willy Hernangomez,$2.327.220,$2.538.060
332,Edmond Sumner,$2.320.000,$2.530.186
333,Nassir Little,$2.316.240,$2.526.085
334,RJ Hampton,$2.303.040,$2.511.689
335,DeAndre Bembry,$2.271.045,$2.476.795
336,Josh Christopher,$2.259.240,$2.463.921
337,Monta Ellis,$2.245.400,$2.448.827
338,Drew Eubanks,$2.239.820,$2.442.742
339,Elfrid Payton,$2.239.544,$2.442.441
339,Rodney Hood,$2.239.544,$2.442.441
341,Dylan Windler,$2.239.200,$2.442.066
342,Immanuel Quickley,$2.210.640,$2.410.918
343,John Konchar,$2.200.000,$2.399.314
344,Quentin Grimes,$2.168.640,$2.365.113
345,Jordan Poole,$2.161.440,$2.357.261
346,Bol Bol,$2.161.152,$2.356.947
347,Keldon Johnson,$2.145.720,$2.340.117
348,Payton Pritchard,$2.137.440,$2.331.086
349,Jahlil Okafor,$2.130.023,$2.322.997
350,Bones Hyland,$2.096.880,$2.286.852
351,Raul Neto,$2.089.448,$2.278.746
351,Frank Kaminsky,$2.089.448,$2.278.746
351,Nemanja Bjelica,$2.089.448,$2.278.746
354,Udoka Azubuike,$2.075.880,$2.263.949
355,Jaden McDaniels,$2.063.280,$2.250.208
356,Malachi Flynn,$2.048.040,$2.233.587
357,DeMarcus Cousins,$2.038.942,$2.223.664
358,Cam Thomas,$2.036.280,$2.220.762
359,Desmond Bane,$2.033.160,$2.217.359
360,Jaden Springer,$2.023.680,$2.207.020
361,Day'Ron Sharpe,$2.009.160,$2.191.185
362,Abdel Nader,$2.000.000,$2.181.195
362,Kenrich Williams,$2.000.000,$2.181.195
362,Theo Maledon,$2.000.000,$2.181.195
362,Jeremiah Robinson-Earl,$2.000.000,$2.181.195
362,Jordan McLaughlin,$2.000.000,$2.181.195
362,Garrison Mathews,$2.000.000,$2.181.195
368,Santiago Aldama,$1.994.520,$2.175.218
369,Damian Jones,$1.977.011,$2.156.123
370,Wesley Matthews,$1.958.495,$2.135.929
371,Rodney McGruder,$1.939.350,$2.115.050
371,Timothe Luwawu,$1.939.350,$2.115.050
373,Moses Brown,$1.933.909,$2.109.116
374,Wesley Iwundu,$1.926.834,$2.101.400
375,Jose Alvarado,$1.925.406,$2.099.843
376,PJ Dozier,$1.910.860,$2.083.979
376,Damion Lee,$1.910.860,$2.083.979
378,Killian Tillie,$1.901.625,$2.073.907
379,Tyrell Terry,$1.869.438,$2.038.804
380,Larry Sanders,$1.865.546,$2.034.559
381,Carsen Edwards,$1.859.365,$2.027.818
382,Shake Milton,$1.846.738,$2.014.047
383,Mitchell Robinson,$1.802.057,$1.965.319
383,Jalen Brunson,$1.802.057,$1.965.319
385,Dennis Smith,$1.789.256,$1.951.358
385,Malik Monk,$1.789.256,$1.951.358
385,Semi Ojeleye,$1.789.256,$1.951.358
385,Frank Ntilikina,$1.789.256,$1.951.358
385,Tony Bradley,$1.789.256,$1.951.358
390,Didi Louzada,$1.786.878,$1.948.764
391,Daniel Gafford,$1.782.621,$1.944.122
391,Eric Paschall,$1.782.621,$1.944.122
391,KZ Okpala,$1.782.621,$1.944.122
391,Luguentz Dort,$1.782.621,$1.944.122
391,Isaiah Roby,$1.782.621,$1.944.122
391,Naz Reid,$1.782.621,$1.944.122
391,Jaylen Nowell,$1.782.621,$1.944.122
391,Terance Mann,$1.782.621,$1.944.122
391,Bruno Fernando,$1.782.621,$1.944.122
391,Kevin Porter,$1.782.621,$1.944.122
391,Vlatko Cancar,$1.782.621,$1.944.122
391,Dean Wade,$1.782.621,$1.944.122
391,Cody Martin,$1.782.621,$1.944.122
391,Jalen McDaniels,$1.782.621,$1.944.122
391,Nicolas Claxton,$1.782.621,$1.944.122
406,Yuta Watanabe,$1.762.796,$1.922.501
406,Chimezie Metu,$1.762.796,$1.922.501
408,Armoni Brooks,$1.739.065,$1.896.619
409,Isaac Bonga,$1.729.217,$1.885.879
409,Sviatoslav Mykhailiuk,$1.729.217,$1.885.879
409,Keita Bates-Diop,$1.729.217,$1.885.879
409,Moritz Wagner,$1.729.217,$1.885.879
409,Thanasis Antetokounmpo,$1.729.217,$1.885.879
409,Isaiah Hartenstein,$1.729.217,$1.885.879
415,Oshae Brissett,$1.701.593,$1.855.753
415,Juan Toscano-Anderson,$1.701.593,$1.855.753
417,Herb Jones,$1.700.000,$1.854.015
418,Gabriel Deck,$1.690.507,$1.843.662
419,Gabe Vincent,$1.669.178,$1.820.401
419,Max Strus,$1.669.178,$1.820.401
419,Gary Payton II,$1.669.178,$1.820.401
419,Javonte Green,$1.669.178,$1.820.401
419,Matt Thomas,$1.669.178,$1.820.401
424,Robert Woodard,$1.619.015,$1.765.693
425,Lance Stephenson,$1.614.825,$1.761.124
426,Daniel Oturu,$1.603.559,$1.748.837
426,Deividas Sirvydis,$1.603.559,$1.748.837
428,Kevin Pangos,$1.569.178,$1.711.341
429,Bismack Biyombo,$1.518.213,$1.655.759
430,Vernon Carey,$1.517.981,$1.655.506
430,Anthony Gill,$1.517.981,$1.655.506
430,Tre Jones,$1.517.981,$1.655.506
430,Jahmi'us Ramsey,$1.517.981,$1.655.506
430,Elijah Hughes,$1.517.981,$1.655.506
430,CJ Elleby,$1.517.981,$1.655.506
430,Isaiah Joe,$1.517.981,$1.655.506
430,Paul Reed,$1.517.981,$1.655.506
430,Naji Marshall,$1.517.981,$1.655.506
430,Jordan Nwora,$1.517.981,$1.655.506
430,Xavier Tillman,$1.517.981,$1.655.506
430,Sam Merrill,$1.517.981,$1.655.506
430,Jae'Sean Tate,$1.517.981,$1.655.506
430,KJ Martin,$1.517.981,$1.655.506
430,Lamar Stevens,$1.517.981,$1.655.506
430,Nick Richards,$1.517.981,$1.655.506
446,Isaiah Todd,$1.500.000,$1.635.896
447,Omer Yurtseven,$1.489.065,$1.623.970
447,Saben Lee,$1.489.065,$1.623.970
449,JR Smith,$1.456.667,$1.588.637
450,Stanley Johnson,$1.368.998,$1.493.025
451,Duane Washington Jr,$1.346.676,$1.468.681
452,Aaron Wiggins,$1.305.761,$1.424.059
453,Marquese Chriss,$1.292.900,$1.410.033
454,JT Thor,$1.250.000,$1.363.246
455,DeMarre Carroll,$1.242.340,$1.354.892
456,Jabari Parker,$1.168.286,$1.274.129
457,Alfonzo McKinnie,$1.090.007,$1.188.758
458,Zhaire Smith,$1.068.200,$1.164.976
459,Jason Preston,$1.062.303,$1.158.545
460,Isaiah Livers,$1.057.260,$1.153.045
461,Denzel Valentine,$1.005.633,$1.096.740
462,Alize Johnson,$1.003.740,$1.094.675
463,Kyle Singler,$999,$1.089.725
464,Kelan Martin,$994,$1.083.792
465,Miye Oni,$946,$1.031.989
466,Jared Butler,$925,$1.009.084
466,Dalano Banton,$925,$1.009.084
466,Jock Landale,$925,$1.009.084
466,Greg Brown,$925,$1.009.084
466,Charles Bassey,$925,$1.009.084
466,Vit Krejci,$925,$1.009.084
466,Miles McBride,$925,$1.009.084
466,Austin Reaves,$925,$1.009.084
466,BJ Boston,$925,$1.009.084
466,Luka Garza,$925,$1.009.084
466,Marko Simonovic,$925,$1.009.084
466,Ayo Dosunmu,$925,$1.009.084
478,Daishen Nix,$923,$1.006.706
479,Isaiah Thomas,$911,$993
480,Terry Taylor,$895,$976
481,Mamadi Diakite,$869,$948
482,Caleb Martin,$844,$920
483,Brad Wanamaker,$815,$889
484,Luke Kornet,$812,$886
485,Wayne Selden,$812,$886
486,Gary Clark,$811,$885
487,Ryan Arcidiacono,$775,$845
488,Trendon Watford,$769,$838
489,Patrick Patterson,$737,$804
490,Devontae Cacok,$726,$792
491,Admiral Schofield,$724,$789
492,Ishmail Wainright,$708,$772
493,Shaun Livingston,$667,$727
494,Malik Fitts,$631,$688
495,Sam Hauser,$619,$676
496,Greg Monroe,$613,$668
497,Amir Coffey,$574,$626
498,Joe Wieskamp,$564,$615
499,Keifer Sykes,$558,$609
500,Haywood Highsmith,$548,$597
501,Nik Stauskas,$535,$583
502,Davon Reed,$532,$581
503,Wenyen Gabriel,$522,$569
504,Skylar Mays,$511,$557
505,Georgios Kalaitzakis,$500,$545
506,RJ Nembhard,$492,$536
507,Chris Silva,$480,$523
508,Trent Forrest,$463,$505
508,Kessler Edwards,$463,$505
510,Cassius Winston,$463,$505
510,Joel Ayayi,$463,$505
510,Justin Champagnie,$463,$505
510,David Johnson,$463,$505
510,Neemias Queta,$463,$505
510,Keljin Blevins,$463,$505
510,Ignas Brazdeikis,$463,$505
510,Jericho Sims,$463,$505
510,Nathan Knight,$463,$505
510,McKinley Wright,$463,$505
510,Sandro Mamukelashvili,$463,$505
510,Yves Pons,$463,$505
510,Jay Scrubb,$463,$505
510,Chris Chiozza,$463,$505
510,Sean Chris Smith,$463,$505
510,Jamorko Pickett,$463,$505
510,Markus Howard,$463,$505
510,Tyler Cook,$463,$505
510,Arnoldas Kulboka,$463,$505
510,Scottie Lewis,$463,$505
510,David Duke,$463,$505
510,Brodric Thomas,$463,$505
510,Sharife Cooper,$463,$505
533,Justin Anderson,$446,$486
534,Theo Pinson,$441,$481
535,Charlie Brown,$431,$470
536,James Ennis,$386,$421
536,Tim Frazier,$386,$421
536,Langston Galloway,$386,$421
539,Kyle Guy,$383,$418
540,Sam Dekker,$350,$382
541,Quinndary Weatherspoon,$346,$378
542,Brandon Goodwin,$344,$375
543,Malcolm Hill,$324,$354
544,Louis King,$316,$345
545,DJ Wilson,$308,$336
545,Shaquille Harrison,$308,$336
545,Justin Jackson,$308,$336
548,Jeff Dowtin,$306,$333
549,Paul Watson,$303,$331
549,Trevelin Queen,$303,$331
551,Myles Powell,$300,$328
552,Jontay Porter,$300,$327
553,Mason Jones,$295,$322
554,Eugene Omoruyi,$282,$307
555,Brandon Knight,$275,$300
556,Justin Robinson,$266,$290
557,Ja'Vonte Smart,$266,$290
558,Mychal Mulder,$258,$281
559,Tyler Johnson,$257,$281
560,Zylan Cheatham,$257,$280
560,Cassius Stanley,$257,$280
562,Devon Dotson,$239,$261
563,Marcus Garrett,$237,$258
564,Lindell Wigginton,$234,$255
565,Jay Huff,$226,$246
566,Olivier Sarr,$223,$244
567,Aaron Henry,$223,$244
568,Freddie Gillespie,$221,$241
569,JaQuori McLaughlin,$221,$241
570,Rayjon Tucker,$221,$241
571,Petr Cornelie,$218,$238
571,Tacko Fall,$218,$238
573,Juwan Morgan,$211,$230
574,Damyean Dotson,$206,$224
575,Xavier Moon,$202,$220
576,Tyrone Wallace,$199,$217
577,Tremont Waters,$192,$209
577,Jaylen Hoard,$192,$209
577,Norvel Pelle,$192,$209
580,Reggie Perry,$188,$205
581,Devin Cannady,$186,$202
582,Brandon Williams,$181,$197
583,DeJon Jarreau,$173,$188
583,Moses Wright,$173,$188
585,Matt Mooney,$171,$187
585,Dakota Mathias,$171,$187
587,Daulton Hommes,$168,$183
588,Grant Riller,$162,$177
589,Lindy Waters III,$160,$174
590,Anthony Tolliver,$152,$166
590,Darren Collison,$152,$166
590,Ersan Ilyasova,$152,$166
590,Joe Johnson,$152,$166
590,CJ Miles,$152,$166
595,Chaundee Brown,$152,$165
596,Xavier Sneed,$146,$159
597,Mario Chalmers,$138,$151
598,Anthony Lamb,$136,$148
599,Braxton Key,$128,$139
600,Troy Williams,$123,$134
601,Feron Hunt,$117,$128
602,Mac McClung,$112,$122
603,Matt Ryan,$112,$122
604,Emmanuel Mudiay,$111,$122
605,Carlik Jones,$106,$116
605,Paris Bass,$106,$116
605,Hassani Gravett,$106,$116
608,Cheick Diallo,$103,$112
608,Jordan Bell,$103,$112
610,DJ Stewart,$101,$110
611,Nate Hinton,$96,$105
612,Jaylen Morris,$96,$105
612,BJ Johnson,$96,$105
612,Scotty Hopson,$96,$105
612,Justin James,$96,$105
612,DaQuan Jeffries,$96,$105
612,Derrick Walton,$96,$105
618,Demetrius Jackson,$93,$101
619,Emanuel Terry,$86,$93
619,Jemerrio Jones,$86,$93
619,George King,$86,$93
619,Malik Newman,$86,$93
619,Chris Clemons,$86,$93
619,Cameron Oliver,$86,$93
625,Jared Harper,$85,$93
626,Gabriel Lundberg,$80,$87
627,Jaime Echenique,$53,$58
627,Craig Sword,$53,$58
627,Jordan Goodwin,$53,$58
627,Jordan Schakel,$53,$58
627,Ade Murkey,$53,$58
627,Jarron Cumberland,$53,$58
627,Cameron McGriff,$53,$58
627,MJ Walker,$53,$58
627,Aleem Ford,$53,$58
627,Rob Edwards,$53,$58
627,Tyler Hall,$53,$58
627,Javin DeLaurier,$53,$58
627,Aric Holman,$53,$58
627,Jon Teske,$53,$58
627,Shaq Buchanan,$53,$58
627,Ahmad Caver,$53,$58
627,Jaysean Paige,$53,$58
627,Micah Potter,$53,$58
627,Trayvon Palmer,$53,$58
627,Tre Scott,$53,$58
627,Justin Tillman,$53,$58
627,Malik Ellison,$53,$58
627,Anthony Barber,$53,$58
650,Luca Vildoza,$43,$47
651,Zavier Simpson,$37,$41
652,Mfiondu Kabengele,$19,$21
653,Melvin Frazier,$13,